STRATUM,TREATMENT,RESPONSE_1,RESPONSE_2,DATE
1,Yandong,16.2298423131568,3.70698911126488,20191230
1,Yandong,17.5432292405893,4.73185589002285,20191230
1,Yandong,13.1234971596152,3.24234012696257,20191230
1,Yandong,13.0381687837637,2.13133520315529,20191230
1,Yandong,15.3294068198124,2.48242378836353,20191230
1,Yandong,16.5919749374034,4.81690965636109,20191230
1,Yandong,8.03956881141334,3.57960740536829,20191230
1,Ben,18.915172375189,4.73396072372243,20191230
1,Ben,16.9289385182229,4.36662281563895,20191230
1,Ben,16.2419695127825,4.2163002150446,20191230
1,Ben,17.2882146986245,3.85281544094841,20191230
1,Ben,15.4574094958618,3.45798923248465,20191230
1,Ben,14.3733129840567,2.41606207032757,20191230
1,Ben,16.7197397838027,4.9703451996716,20191230
1,Ben,13.4826945802088,3.96423888007453,20191230
1,Ben,16.2636553530536,4.11956634455408,20191230
1,Irma,14.5128237655935,5.88017376572002,20191230
1,Irma,16.2629964050613,5.77728431598348,20191230
1,Irma,15.4089953705996,4.37363195076664,20191230
1,Irma,20.6686966712027,4.22990603764243,20191230
1,Irma,16.8540958955878,3.28625941029461,20191230
1,Irma,19.1615896520946,4.32089302670888,20191230
1,Irma,16.8249211256489,4.75875201214839,20191230
1,Irma,18.4053704145184,7.50770224904322,20191230
1,Irma,17.9195218902296,4.47420751671917,20191230
1,Andy,11.8055291391107,3.65279116662206,20191230
1,Andy,18.0028903019843,3.29461088690727,20191230
1,Andy,16.5618669932907,4.58275731796043,20191230
1,Andy,18.7005389800839,6.62265964937129,20191230
1,Andy,16.817952402805,3.91495983476622,20191230
1,Andy,15.134935488475,2.88863225974648,20191230
1,Andy,14.7980092548748,4.70518992647493,20191230
1,Andy,18.2557397976934,6.01055352628694,20191230
1,Andy,11.198706653543,3.67479629278293,20191230
1,Alex,17.3320663987296,3.45173320509768,20191230
1,Alex,16.504962061787,4.85015784425534,20191230
1,Alex,15.0179199910738,3.20771329525575,20191230
1,Alex,15.0576034823844,4.28684276747845,20191230
1,Alex,13.7620035820301,3.87864210705016,20191230
1,Alex,14.3659381452536,3.2471696383937,20191230
1,Alex,15.9441799825115,3.05003220902851,20191230
1,Alex,15.1774162374251,5.33600551870819,20191230
1,Alex,13.7512179862409,3.53193965825357,20191230
1,Jeff,11.238810220124,1.94710024601958,20191230
1,Jeff,14.3735733906629,2.52477983488644,20191230
1,Jeff,12.2534580551098,1.77379131762444,20191230
1,Jeff,12.7028356576962,2.38725584904478,20191230
1,Jeff,15.4389767082005,3.0625210663294,20191230
1,Jeff,12.9005367188406,5.56630614107642,20191230
1,Jeff,10.946628465287,3.69248310407674,20191230
1,Jeff,10.072379366341,2.23161257872798,20191230
1,Jeff,15.9712403743734,1.84632850218646,20191230
1,Jeff,15.1087507030905,3.33027616516759,20191230
0,Yandong,13.2673641001487,2.785470324045,20191230
0,Yandong,9.01864729424439,1.82949216998654,20191230
0,Yandong,14.0539999839318,5.12667018718418,20191230
0,Yandong,12.5418056968098,6.13388377176322,20191230
0,Yandong,15.6942485710571,3.29927464695503,20191230
0,Yandong,13.6616353300778,3.29995307539507,20191230
0,Yandong,12.8233008112002,3.56991892490743,20191230
0,Yandong,10.6463415994341,3.5482047742302,20191230
0,Ben,16.7651906070407,3.46838924656022,20191230
0,Ben,15.8358984099199,4.0059500517326,20191230
0,Ben,17.8409644408146,5.08456167779922,20191230
0,Ben,15.6680833838811,5.36215414124903,20191230
0,Ben,16.4022385367449,3.6351929943582,20191230
0,Ben,16.8422175546864,4.78064908702983,20191230
0,Ben,17.2752793597236,5.43679088716238,20191230
0,Ben,8.66820401175517,4.47053344876795,20191230
0,Ben,16.3253440224598,4.62573221776791,20191230
0,Ben,18.5124994176372,4.50244913642688,20191230
0,Irma,18.8403242004405,5.56841784440595,20191230
0,Irma,15.6296747157695,5.34395475163605,20191230
0,Irma,10.0666700815794,4.75998811762173,20191230
0,Irma,16.5006423902086,4.41180358721789,20191230
0,Irma,16.2010270885934,2.47491854533984,20191230
0,Irma,13.5272533342321,4.78810746577222,20191230
0,Irma,17.0831374594724,4.8368247963827,20191230
0,Irma,18.5087662983995,5.97453924433718,20191230
0,Andy,14.8834745047321,3.75746784460343,20191230
0,Andy,12.5773023339456,5.09178055431545,20191230
0,Andy,14.1347655145629,4.18181070636723,20191230
0,Andy,17.6455341866039,5.61449205738106,20191230
0,Andy,16.1154341019574,6.30645629391011,20191230
0,Andy,15.3083590575982,7.62851787488126,20191230
0,Andy,7.7265272445103,3.46586539511286,20191230
0,Andy,17.7211880274854,4.37457772149883,20191230
0,Andy,13.4489133514256,5.86457043102727,20191230
0,Andy,9.59018354147353,4.35807122384423,20191230
0,Alex,11.2793174132886,2.98572853747664,20191230
0,Alex,10.440659426703,2.59345591339237,20191230
0,Alex,13.4440356720297,4.47878939362636,20191230
0,Alex,14.3844794306997,5.28016481574972,20191230
0,Alex,7.90863676523541,8.52556657674885,20191230
0,Alex,12.5878974579156,3.61485788457863,20191230
0,Alex,11.9762668814205,4.87668342329213,20191230
0,Alex,11.4846683301689,5.77104970689366,20191230
0,Alex,13.3525799125907,4.24276915806822,20191230
0,Jeff,11.1259599790939,3.05756308143341,20191230
0,Jeff,11.7562902741326,3.1992264838301,20191230
0,Jeff,10.8945727680791,2.3323662939565,20191230
0,Jeff,12.2630682984738,3.1511441216325,20191230
0,Jeff,11.8040309881354,3.28269598212815,20191230
0,Jeff,12.0180114800351,2.57056196555182,20191230
0,Jeff,12.581931584043,2.7577939935235,20191230
0,Jeff,12.6383437079925,2.75883790062378,20191230
0,Jeff,11.4679263346676,1.72175072521277,20191230
0,Jeff,10.769188157939,2.17626484937089,20191230
2,Yandong,18.3202857616711,7.06853770682146,20191230
2,Yandong,19.1413255915775,9.81155450362191,20191230
2,Yandong,16.5319448628593,7.93272842347292,20191230
2,Yandong,13.4502236035927,10.6759355140779,20191230
2,Yandong,15.8505252719412,2.43396255394579,20191230
2,Yandong,15.8439096049467,1.97498411277353,20191230
2,Yandong,18.3447851592018,9.74122740003936,20191230
2,Yandong,17.8120467859743,8.57521120845138,20191230
2,Yandong,17.0471652622686,8.06886186102596,20191230
2,Yandong,17.0654656387316,1.53236577362006,20191230
2,Ben,20.3943113988852,7.37392074837188,20191230
2,Ben,17.5620813394852,10.079935496459,20191230
2,Ben,19.2543209237668,12.0388367033641,20191230
2,Ben,20.4381600790924,9.04856110038656,20191230
2,Ben,22.1189102296938,8.3369644235324,20191230
2,Irma,22.348368133137,10.3124740892655,20191230
2,Irma,21.3739833871419,12.7166225533537,20191230
2,Irma,20.4986296453356,8.58420968361672,20191230
2,Irma,20.490108645169,10.0594293991363,20191230
2,Irma,18.6038751597742,9.99574815514365,20191230
2,Irma,19.5893872528015,10.9772965955004,20191230
2,Irma,16.4496039676328,8.04064552762078,20191230
2,Irma,19.7061447125797,7.18297289624924,20191230
2,Irma,17.3519093859352,5.62339870518132,20191230
2,Irma,17.4131362971766,9.4675575826695,20191230
2,Andy,20.8542112999701,8.33450049156595,20191230
2,Andy,19.7255498722195,10.312759359036,20191230
2,Andy,17.7460837924467,3.07034139096912,20191230
2,Andy,20.6857937269146,10.430938563424,20191230
2,Andy,20.3816280390225,8.71307692799618,20191230
2,Andy,20.3172435444326,9.20075832409147,20191230
2,Andy,23.9477741559674,8.06001517897459,20191230
2,Andy,17.3475058573699,10.7104743222396,20191230
2,Andy,18.5068377880811,9.37510005424859,20191230
2,Alex,16.7041321527321,7.3851177987145,20191230
2,Alex,15.5116609699724,6.41523318590097,20191230
2,Alex,16.444600999828,5.32619636454953,20191230
2,Alex,17.1579793370463,7.72657300575797,20191230
2,Alex,16.1706280900152,7.12102474105224,20191230
2,Alex,18.2972494188782,4.62472796018314,20191230
2,Alex,15.078284715061,5.13320663623365,20191230
2,Alex,12.95521102699,9.90035778316002,20191230
2,Alex,17.4484215656506,5.40085476295663,20191230
2,Jeff,14.6387394460245,4.70905700901432,20191230
2,Jeff,14.3404575607569,5.16988514101988,20191230
2,Jeff,14.9801395417271,4.33802935802974,20191230
2,Jeff,13.6822924051351,6.04442312367685,20191230
2,Jeff,14.8691322306081,4.89548479119658,20191230
2,Jeff,14.719520082799,5.43914263725014,20191230
2,Jeff,14.8461271830048,5.59335534807458,20191230
2,Jeff,15.3166531562126,4.80638556697341,20191230
2,Jeff,14.0719652318065,6.46448757813393,20191230
1,Yandong,15.1981011736587,3.38920675214611,20200108
1,Yandong,14.6665288302244,3.36518280705529,20200108
1,Yandong,10.3562850542968,3.14697418831173,20200108
1,Yandong,13.613399394117,3.5546160102072,20200108
1,Yandong,14.5162633413,3.69973326416702,20200108
1,Yandong,14.2335487461084,2.95808014861042,20200108
1,Yandong,14.7308988514415,3.49144194885121,20200108
1,Yandong,13.7316600740575,2.64470854864438,20200108
1,Ben,15.9321376119427,6.67235737621704,20200108
1,Ben,15.1641371430548,4.02227348827916,20200108
1,Ben,13.4699996204817,3.70494108973597,20200108
1,Ben,15.2922175459424,4.59398676337193,20200108
1,Ben,16.1116371124767,3.8491557225508,20200108
1,Ben,15.4037995551275,3.03258292519243,20200108
1,Ben,16.1201786186105,1.85945933677574,20200108
1,Ben,14.7741987892855,3.94423518619572,20200108
1,Ben,16.3415835992802,3.08238720727786,20200108
1,Ben,14.9828261427796,4.45747165545431,20200108
1,Irma,16.8100266304481,4.81780600328564,20200108
1,Irma,16.9800543154689,5.06221681490071,20200108
1,Irma,10.5001919730333,4.29658788695237,20200108
1,Irma,15.9943838693485,3.2399597926271,20200108
1,Irma,18.7432335438501,2.81152577172949,20200108
1,Irma,16.8928690550524,5.77626046978366,20200108
1,Irma,16.9290552773648,6.26432519651606,20200108
1,Irma,16.6269855224355,2.88023805271537,20200108
1,Andy,15.8803638186531,2.77528830437966,20200108
1,Andy,17.3163838282064,4.3247542779458,20200108
1,Andy,16.6344586926701,3.52659149745431,20200108
1,Andy,12.6270378581451,3.34970660031871,20200108
1,Andy,16.9472813829458,4.7467097346455,20200108
1,Andy,17.6148735240908,5.01988413290822,20200108
1,Andy,12.3360424658041,4.45170307969603,20200108
1,Andy,12.8297315226588,5.92941252541504,20200108
1,Andy,12.6100144603013,3.11826390615146,20200108
1,Andy,17.2396271564806,5.18710865125424,20200108
1,Alex,12.8465503290848,2.8314410563655,20200108
1,Alex,14.476688548007,3.2813677247888,20200108
1,Alex,12.1551242146555,2.9551581499369,20200108
1,Alex,15.0405719165731,4.33158121028006,20200108
1,Alex,16.4209360734563,2.70300041594764,20200108
1,Alex,16.3152905239567,4.20207127358601,20200108
1,Alex,15.2812146625783,3.12256108578673,20200108
1,Alex,16.567726584142,5.43319353569966,20200108
1,Alex,15.5008524150834,2.17883695663079,20200108
1,Jeff,14.7126101873728,2.16155533686033,20200108
1,Jeff,14.8341993017418,2.7101166908095,20200108
1,Jeff,11.4779501943422,2.03082415055537,20200108
1,Jeff,13.3008581936576,2.1293209470025,20200108
1,Jeff,6.22450712858985,1.76269922000878,20200108
1,Jeff,10.4954866174037,2.29589373360916,20200108
1,Jeff,14.2538697939403,3.27567609976293,20200108
1,Jeff,14.4926818130721,3.59711529174147,20200108
1,Jeff,14.1230330781627,3.80975357620016,20200108
1,Jeff,12.4222575620622,2.11026241475409,20200108
0,Yandong,15.2483836365263,4.21221032613531,20200108
0,Yandong,11.6559627513519,6.42146183715235,20200108
0,Yandong,14.5754336239622,4.49242275592079,20200108
0,Yandong,16.1112891965299,4.91549903824139,20200108
0,Yandong,14.0637312050266,3.41187191030341,20200108
0,Yandong,15.1903504501114,6.07942796153251,20200108
0,Yandong,13.4826370273636,7.18462043445054,20200108
0,Yandong,7.17400710581384,1.96956446785349,20200108
0,Yandong,13.4551747310594,3.92577018183431,20200108
0,Yandong,12.0136845591315,4.81884829444064,20200108
0,Ben,11.4820257820836,3.79425390485766,20200108
0,Ben,15.3117862088386,5.63775137403434,20200108
0,Ben,15.1194426480685,4.92641755162937,20200108
0,Ben,16.5122073049556,4.43388280478133,20200108
0,Ben,16.3311038527834,3.53747990794047,20200108
0,Ben,16.0466154604778,3.48676279516595,20200108
0,Ben,15.4963173102191,4.57334564917117,20200108
0,Ben,17.3395779923221,5.98780277968671,20200108
0,Ben,17.1403080625464,7.10971143266014,20200108
0,Ben,14.7956700849221,5.9097896318537,20200108
0,Irma,14.6102891940895,6.32773055507375,20200108
0,Irma,17.3039901248898,5.41412363330992,20200108
0,Irma,17.9420797796983,4.39414467344607,20200108
0,Irma,17.9672067503199,6.51017287400897,20200108
0,Irma,17.8343716243777,4.9866082307611,20200108
0,Irma,17.0678641869527,5.78157697332887,20200108
0,Irma,15.6807317362026,3.94633989104251,20200108
0,Irma,16.2327313138325,5.30327401765844,20200108
0,Irma,18.4991520602049,7.99309432130579,20200108
0,Irma,18.9322855588537,3.17005558798559,20200108
0,Andy,4.86663109161696,2.38471113532294,20200108
0,Andy,13.7201087843902,3.22875020725248,20200108
0,Andy,11.2293297616882,1.49945416666093,20200108
0,Andy,17.0302944520476,3.75831874149614,20200108
0,Andy,16.7365066121738,6.76797332467218,20200108
0,Andy,16.5916143541696,4.86149009363229,20200108
0,Andy,15.262027512769,8.45851951110358,20200108
0,Andy,15.2238482646147,4.40353729921383,20200108
0,Andy,16.3955060838738,5.88911568507919,20200108
0,Andy,16.4727765552928,5.19688565545597,20200108
0,Alex,12.5155722573911,4.72223420984971,20200108
0,Alex,15.5151169875725,4.24627045193453,20200108
0,Alex,12.4415260166239,3.87444242345556,20200108
0,Alex,15.6187683167283,5.32605405450468,20200108
0,Alex,14.8552558478368,2.43394017457368,20200108
0,Alex,15.0124009176081,3.39411683678214,20200108
0,Alex,10.1965709755782,3.56072485575225,20200108
0,Alex,15.9709931545801,5.30675308167348,20200108
0,Alex,14.5882673353083,2.14817396566022,20200108
0,Alex,13.9883614470283,2.28246464915857,20200108
0,Jeff,11.1447045447431,4.09443119479561,20200108
0,Jeff,12.8427827414356,2.56133483151399,20200108
0,Jeff,12.6898574068497,3.40120877865239,20200108
0,Jeff,12.6827213570318,4.94692961135997,20200108
0,Jeff,13.2629115574623,3.21710478021355,20200108
0,Jeff,12.6148821889035,2.95991588887492,20200108
0,Jeff,12.6732274845094,2.733608334851,20200108
0,Jeff,13.7765801360962,2.09319375286663,20200108
0,Jeff,13.6482980440807,3.22113969972471,20200108
0,Jeff,12.1737278827115,2.25194567649005,20200108
2,Yandong,16.3458155387837,7.54056666356831,20200108
2,Yandong,13.8420234953188,8.91154435018578,20200108
2,Yandong,16.7141988439192,8.21477172566764,20200108
2,Yandong,16.3438722614098,9.01521088194387,20200108
2,Yandong,5.57062396649635,9.8735109309056,20200108
2,Yandong,17.7511361296417,9.98085703777359,20200108
2,Yandong,19.3148723026166,9.38653906246631,20200108
2,Yandong,12.0991635411365,4.47609318458268,20200108
2,Yandong,18.8840468751872,8.21361607262775,20200108
2,Yandong,15.2521839081407,5.31696258361292,20200108
2,Ben,15.9178060730954,8.51050371349691,20200108
2,Ben,17.9270958018564,5.66198198910647,20200108
2,Ben,13.0112432409713,1.4174515285952,20200108
2,Ben,16.2720508530904,3.71513269988627,20200108
2,Ben,19.8192378406744,10.9486692459707,20200108
2,Ben,18.3480107520013,9.62689295528723,20200108
2,Ben,16.2996876259463,9.8826102267415,20200108
2,Ben,17.6988471839725,7.72374235611286,20200108
2,Ben,12.7041440074658,9.73146577797,20200108
2,Ben,19.1526678416378,9.52371637997228,20200108
2,Irma,18.302731033496,10.4792420856943,20200108
2,Irma,21.0858888358903,9.72493128369404,20200108
2,Irma,18.569169357024,5.15986988895832,20200108
2,Irma,16.667255780289,2.94885630705038,20200108
2,Irma,14.4962979826765,13.4195098450106,20200108
2,Irma,19.0302388136105,9.67206142934401,20200108
2,Irma,19.5053492581951,11.6610925745846,20200108
2,Irma,20.3114620618336,5.73448144975772,20200108
2,Irma,20.0001994037003,3.15913960350301,20200108
2,Irma,20.9567354495575,8.97275530111169,20200108
2,Andy,20.0351116109237,7.05633953061198,20200108
2,Andy,20.0693905428018,9.43999754448216,20200108
2,Andy,17.6567113375607,8.33227331290703,20200108
2,Andy,15.8792866080789,5.82880190992615,20200108
2,Andy,17.5963614000987,9.86847331139334,20200108
2,Andy,14.3137916956771,10.415002688559,20200108
2,Andy,12.0625891642986,1.63424386750883,20200108
2,Andy,19.2465585814021,10.5334400635766,20200108
2,Andy,18.5099038603495,5.24345038310036,20200108
2,Andy,19.870316815382,7.16867344656548,20200108
2,Alex,16.6896163393494,3.89500320057215,20200108
2,Alex,14.9489815194255,7.98257934000074,20200108
2,Alex,16.5359643430534,7.36523687632124,20200108
2,Alex,12.4499585844073,4.47298448412169,20200108
2,Alex,17.1993876197342,8.40280663323022,20200108
2,Alex,14.4960068542657,5.47029704661158,20200108
2,Alex,17.9286557650911,6.44626183580836,20200108
2,Alex,16.7321868857317,7.98513706185701,20200108
2,Alex,12.1787070557165,5.42868088891521,20200108
2,Alex,16.928184732259,6.24594111731917,20200108
2,Jeff,15.8419860382966,6.10608047985256,20200108
2,Jeff,15.6862771816904,3.89680876236942,20200108
2,Jeff,13.8477993129077,6.69631374495869,20200108
2,Jeff,14.2364859611973,4.89854671472174,20200108
2,Jeff,12.6644074003938,6.79621814624182,20200108
2,Jeff,16.030594363687,6.10227992020603,20200108
2,Jeff,16.0059845155543,5.71550887509643,20200108
2,Jeff,16.7542359868812,4.70650881200895,20200108
2,Jeff,17.7814751314097,5.50836805729799,20200108
1,Yandong,13.2144441055641,3.0780809215348,20200123
1,Yandong,14.0186245344218,3.80496901574335,20200123
1,Yandong,12.0301942898572,2.87876747029836,20200123
1,Yandong,14.0159241438092,3.18167529598561,20200123
1,Yandong,15.1239401740092,2.88000772145163,20200123
1,Yandong,12.1494564098241,3.26756611507329,20200123
1,Yandong,12.4474359331773,3.33454641635359,20200123
1,Yandong,9.76194088851426,3.51146648849288,20200123
1,Yandong,12.8881231803148,2.26067036874914,20200123
1,Yandong,13.9919126135573,1.68980420718056,20200123
1,Yandong,13.7687862731054,3.86013868881198,20200123
1,Ben,15.9544948303201,4.04307128336051,20200123
1,Ben,9.94238349070343,2.10117558886928,20200123
1,Ben,13.5925970455903,3.00728733859654,20200123
1,Ben,8.72829193559965,2.95843229565929,20200123
1,Ben,15.3725340937556,2.88818684165438,20200123
1,Ben,9.83279170534249,0.917597626222057,20200123
1,Ben,15.3686904126015,4.04103001848068,20200123
1,Ben,15.718612066431,4.89591013256972,20200123
1,Ben,13.0166317388844,2.67820046248085,20200123
1,Ben,15.8224471682044,3.33297489766584,20200123
1,Irma,15.4918553990073,5.0030005319269,20200123
1,Irma,15.3085928408885,3.27289785689577,20200123
1,Irma,17.051313233624,3.5295451179932,20200123
1,Irma,16.2286986185628,2.90013051702336,20200123
1,Irma,14.6828230321629,3.06112556512177,20200123
1,Irma,13.5318077138386,2.2224213079842,20200123
1,Irma,16.4020060324683,3.71983001983764,20200123
1,Irma,14.50761312011,4.32477997892588,20200123
1,Irma,15.4538851441474,3.17556140654245,20200123
1,Emma,15.0394592352281,3.02355778364294,20200123
1,Emma,12.6679046249649,1.64773545537996,20200123
1,Emma,10.1210775083051,3.48808629915909,20200123
1,Emma,12.847939402606,3.22663969781507,20200123
1,Emma,14.7208668658702,4.68122140567334,20200123
1,Emma,13.8890684067571,2.89117688607636,20200123
1,Emma,10.9744022054509,3.7438981358304,20200123
1,Emma,13.8053243587053,2.51229916171528,20200123
1,Emma,13.4935956878054,5.38628863398123,20200123
1,Alex,15.1821975922077,3.53445567670652,20200123
1,Alex,10.9171197535017,1.68115604952971,20200123
1,Alex,8.07468538688855,1.59461716685714,20200123
1,Alex,14.4550779350893,3.75092418798704,20200123
1,Alex,14.3925354229247,2.66251534987701,20200123
1,Alex,15.256446202487,3.04628370453042,20200123
1,Alex,12.997651468155,3.34557341703436,20200123
1,Jeff,14.0574245719927,2.57509067466903,20200123
1,Jeff,11.8911093987088,2.17295336569292,20200123
1,Jeff,13.6135724924267,3.48009862906404,20200123
1,Jeff,11.8426732716395,2.02677994130173,20200123
1,Jeff,11.4870731331769,3.28846479602282,20200123
1,Jeff,12.3793221223049,2.97375766733935,20200123
1,Jeff,8.63474745931719,1.77719498578904,20200123
0,Yandong,12.3579903589457,2.92006176545208,20200123
0,Yandong,13.2945930040515,2.42161104340992,20200123
0,Yandong,13.0473120156968,2.12383873600001,20200123
0,Yandong,13.2657985896169,4.32735333681817,20200123
0,Yandong,13.2853731184353,4.52007990415851,20200123
0,Yandong,15.4956962275788,5.14587708806207,20200123
0,Yandong,10.4748993209457,2.73843078891092,20200123
0,Yandong,12.731627178206,5.01698732299325,20200123
0,Yandong,10.5984152608853,4.16620142452422,20200123
0,Ben,13.8373919166833,3.7579135359266,20200123
0,Ben,16.558635857604,4.34028245685924,20200123
0,Ben,13.8226949265546,3.3561137843819,20200123
0,Ben,15.4263273037689,4.72979982011091,20200123
0,Ben,14.8348892303577,5.40252729375496,20200123
0,Ben,13.8724346926065,2.81009588436074,20200123
0,Ben,13.8634838843758,6.15021467905838,20200123
0,Ben,11.6708475866447,4.16902965624217,20200123
0,Ben,12.1246516037619,6.32937961419845,20200123
0,Ben,13.0063868777803,3.3533142269966,20200123
0,Irma,19.8940520052857,5.71637058447275,20200123
0,Irma,13.1745321223747,3.34066970596911,20200123
0,Irma,16.2852170031292,5.97302923058961,20200123
0,Irma,13.3819583121225,5.75093313936726,20200123
0,Irma,15.2090650377707,3.90783912729232,20200123
0,Irma,14.0272645163636,4.5891306901218,20200123
0,Irma,12.967062047086,4.07892194526314,20200123
0,Irma,14.436582358013,3.13301852750517,20200123
0,Irma,13.8215175851357,4.37526912688685,20200123
0,Emma,13.3332158784227,3.61984819454264,20200123
0,Emma,12.3842043807725,5.51266059258776,20200123
0,Emma,8.54201266373192,3.18486809687947,20200123
0,Emma,8.9435210002057,2.98251134253807,20200123
0,Emma,12.4839857855327,4.5379572403858,20200123
0,Emma,12.0844309111415,3.78158101960713,20200123
0,Emma,8.97246597590495,3.45161376307942,20200123
0,Emma,10.474621884427,2.76713673444091,20200123
0,Emma,10.0819397882557,1.86169123513349,20200123
0,Alex,9.86894270332705,4.20728160477381,20200123
0,Alex,13.9238986717615,6.0276107424664,20200123
0,Alex,12.7579339820022,3.33789476300114,20200123
0,Alex,10.1174278280298,4.87791237801785,20200123
0,Alex,13.2679031538428,4.06991262915027,20200123
0,Alex,10.4963591298893,4.56657922202664,20200123
0,Alex,10.5446835495724,4.00936604111533,20200123
0,Alex,14.0352296666159,3.67248391331331,20200123
0,Alex,10.7440970437787,3.00755607113714,20200123
0,Alex,9.98616003355299,2.33002909713955,20200123
0,Jeff,10.9648541518542,2.75718171016136,20200123
0,Jeff,9.09139932813721,3.22544098581425,20200123
0,Jeff,10.6829567724309,2.53953473394852,20200123
0,Jeff,10.9209396746133,2.49873144029511,20200123
0,Jeff,11.0513757978008,2.45758560638583,20200123
0,Jeff,10.7896279156805,1.24308696649994,20200123
0,Jeff,11.3999836990244,2.01303834961141,20200123
0,Jeff,11.5294217130564,3.12583836843969,20200123
0,Jeff,9.55290321745445,3.47848263562982,20200123
2,Yandong,17.2446746018578,9.92500410336272,20200123
2,Yandong,15.9833858920671,2.36686864880139,20200123
2,Yandong,19.2511280496444,5.48843080584523,20200123
2,Yandong,17.9766847357978,5.97484399231992,20200123
2,Yandong,15.633570054743,8.41194261030797,20200123
2,Yandong,15.6183570696159,6.23329623635798,20200123
2,Yandong,15.2005708212447,5.06585546597745,20200123
2,Yandong,14.1420687437756,6.79393907030484,20200123
2,Yandong,16.8487577838612,5.67085841138425,20200123
2,Yandong,15.7435793757842,6.81938333276305,20200123
2,Yandong,15.7169679256122,7.70637739029301,20200123
2,Yandong,19.1674606414115,9.14494478735843,20200123
2,Ben,17.714985757392,8.06568248104774,20200123
2,Ben,16.7704486693067,3.0854013804398,20200123
2,Ben,19.9388105175004,6.91337546222543,20200123
2,Ben,17.1995194636646,4.34172524040602,20200123
2,Ben,20.5272531762197,9.00102884982692,20200123
2,Ben,16.8614704552677,8.71172373839601,20200123
2,Ben,21.1475078227159,8.81883844009705,20200123
2,Ben,20.5525767531912,1.65686404125868,20200123
2,Ben,18.285938268549,8.91308315327101,20200123
2,Irma,18.5722586113179,8.26095921692224,20200123
2,Irma,17.5009571663808,6.77054713672914,20200123
2,Irma,18.7952598221077,8.59843509575548,20200123
2,Irma,19.4723522662204,8.80937648864245,20200123
2,Irma,16.8993570974364,10.0154648280062,20200123
2,Irma,16.4840878147702,8.37533819779749,20200123
2,Irma,18.1169048809786,6.89736291394535,20200123
2,Irma,16.6127707669956,6.94739563507169,20200123
2,Emma,15.030794484306,5.45353750943296,20200123
2,Emma,16.6803605763105,8.48481650130179,20200123
2,Emma,17.3701894427418,7.82377449205787,20200123
2,Emma,16.685099965405,6.76265507826715,20200123
2,Emma,16.1974165958962,6.71903805127708,20200123
2,Emma,14.1323941908077,8.09651671242543,20200123
2,Emma,14.6369565669044,7.31855801640824,20200123
2,Emma,16.3828656347223,4.56031045139377,20200123
2,Emma,18.0348774149556,8.32497597625699,20200123
2,Emma,12.1109840076242,6.23445929597291,20200123
2,Alex,15.7599508260267,3.54266061595085,20200123
2,Alex,14.8437851828452,7.53130724425206,20200123
2,Alex,15.4666599834732,5.90245980076518,20200123
2,Alex,15.0331198574368,4.92348607768136,20200123
2,Alex,15.3038960947077,7.17728291190049,20200123
2,Alex,12.2188850883403,3.78380655075955,20200123
2,Alex,14.9502030967656,5.60646386774767,20200123
2,Alex,16.9376756081865,5.51326964140432,20200123
2,Alex,11.8865062472925,2.06003078515279,20200123
2,Alex,12.418944757937,3.54765234458171,20200123
2,Jeff,15.1987713546373,4.30439274641778,20200123
2,Jeff,13.9446236916326,3.20708491454367,20200123
2,Jeff,14.6055372514179,3.63766740371347,20200123
2,Jeff,13.9065750627231,4.45588515330881,20200123
2,Jeff,15.390700167952,2.92139540136273,20200123
2,Jeff,13.6246362193039,4.35753483765322,20200123
2,Jeff,14.9228197791816,3.88392842091815,20200123
2,Jeff,14.3109286546944,5.25980579108789,20200123
2,Jeff,13.7581607115258,5.10941818539201,20200123
2,Jeff,14.8266609907825,4.68549201250678,20200123
1,Yandong,8.23712712494916,3.3902064311241,20200205
1,Yandong,5.69901127344036,1.57873401027655,20200205
1,Yandong,13.942012653302,3.86343319101804,20200205
1,Yandong,14.1766936275376,3.06278551529447,20200205
1,Yandong,14.8276580477261,4.22711841147281,20200205
1,Yandong,9.48373138094309,1.9038331581068,20200205
1,Yandong,15.9270923294693,3.117271541752,20200205
1,Yandong,10.8573771966681,2.23171607822597,20200205
1,Yandong,13.7232725425692,3.82650291779782,20200205
1,Ben,12.9684017967165,1.35267403541522,20200205
1,Ben,15.6298682067004,2.87662896475483,20200205
1,Ben,9.74514409942427,3.26042731294683,20200205
1,Ben,14.8932471945286,3.03841774092035,20200205
1,Ben,12.4304874370968,2.37167551831763,20200205
1,Ben,15.3863796360705,4.43735118349798,20200205
1,Ben,15.9748708036923,4.29704908707632,20200205
1,Ben,14.3453729935447,2.38447952051787,20200205
1,Ben,15.4073886799421,4.18599298634032,20200205
1,Ben,17.2671020535876,4.29459369260209,20200205
1,Irma,15.0134280826245,3.48848060235125,20200205
1,Irma,15.1264393775602,4.94026842171192,20200205
1,Irma,17.6718037467587,3.91754091623384,20200205
1,Irma,16.737992065001,5.44496331776332,20200205
1,Irma,16.2922168131072,3.95509810173027,20200205
1,Irma,17.7559968778208,4.62885448622564,20200205
1,Irma,14.1758707530404,1.53895273945519,20200205
1,Irma,15.8833274922154,6.0950318875232,20200205
1,Irma,14.9434238203393,3.31087351930969,20200205
1,Irma,14.5505026261663,3.44020272296126,20200205
1,Andy,17.5173562196915,3.44885932744961,20200205
1,Andy,10.6804709097056,2.06048076880578,20200205
1,Andy,14.777002441225,3.54451303167699,20200205
1,Andy,15.3922930641585,2.86369051392555,20200205
1,Andy,17.6783770815969,4.58813174555599,20200205
1,Andy,15.3818249246476,4.77466918591826,20200205
1,Andy,14.2342225124098,4.17366115439568,20200205
1,Andy,8.75057681741422,2.73451647078814,20200205
1,Andy,15.4288609654101,1.2132328095148,20200205
1,Andy,13.6065398472332,3.34823043638565,20200205
1,Alex,15.4188501284144,3.03920799106247,20200205
1,Alex,14.8858279685901,2.32007674786546,20200205
1,Alex,13.3026962221498,3.63197711067006,20200205
1,Alex,14.6284177916365,4.75592487842105,20200205
1,Alex,11.9128985817674,3.35627169859492,20200205
1,Alex,14.1905822597393,3.19882700320465,20200205
1,Alex,13.5615976718873,2.94861715428756,20200205
1,Alex,14.3507717747481,3.25893055785443,20200205
1,Alex,12.9830984667905,3.39591092026576,20200205
1,Alex,15.5056915344173,4.78988986220485,20200205
1,Jeff,11.9788528206916,1.98161432942748,20200205
1,Jeff,10.3670295908257,2.52015156450601,20200205
1,Jeff,10.1893339947502,2.43827738028863,20200205
1,Jeff,12.4559730069444,1.35048872795494,20200205
1,Jeff,13.3239157176006,2.78606286870251,20200205
1,Jeff,8.00472510648543,1.85818121735091,20200205
1,Jeff,6.09162077483277,2.20587073964927,20200205
1,Jeff,14.6160936054788,2.88045664126769,20200205
1,Jeff,11.506175794824,1.59048880654469,20200205
1,Jeff,12.7155392161904,2.03355718495396,20200205
0,Yandong,9.97707646595369,0.98041154779417,20200205
0,Yandong,6.75369153043598,1.05464559411852,20200205
0,Yandong,12.5071207122226,3.40949013237539,20200205
0,Yandong,13.2151014991165,3.63791984692523,20200205
0,Yandong,13.4995330209112,4.09644695042627,20200205
0,Yandong,15.3576228899759,4.86344533240635,20200205
0,Yandong,15.5550948942209,4.90558415517752,20200205
0,Yandong,4.13283605939902,2.35944078434379,20200205
0,Yandong,12.4141141389374,3.97631802321422,20200205
0,Yandong,14.6906781971781,3.4654329851676,20200205
0,Ben,17.4256723801043,5.69786348488935,20200205
0,Ben,12.7355042517229,3.71399683952898,20200205
0,Ben,14.5653601615636,3.1405352033559,20200205
0,Ben,11.8023680322261,3.53391368808013,20200205
0,Ben,16.5952062450761,4.08962198996881,20200205
0,Ben,15.1114869077754,5.13616482310063,20200205
0,Ben,16.2345960710464,5.90899131316371,20200205
0,Ben,14.0801258241429,3.91112494726034,20200205
0,Ben,13.8992194893686,3.77840720462048,20200205
0,Ben,16.1429134847944,3.05935574595736,20200205
0,Irma,16.2867584403105,5.48213289699872,20200205
0,Irma,15.8860064102468,4.64441089341873,20200205
0,Irma,16.2457087553101,4.56138778979181,20200205
0,Irma,15.2053105239602,5.51958830899386,20200205
0,Irma,15.3148888620212,4.85465409946057,20200205
0,Irma,16.6648186232548,5.16465314915656,20200205
0,Irma,14.7020440121533,5.09950686979474,20200205
0,Irma,14.0324642682669,6.88033078071834,20200205
0,Irma,15.6957408784306,3.9678893211299,20200205
0,Irma,15.2025654562138,3.29727036547764,20200205
0,Andy,6.97480766357356,1.84602097861282,20200205
0,Andy,16.1176717637246,3.2637730704935,20200205
0,Andy,14.5048445211808,3.24234335730453,20200205
0,Andy,14.1030019854421,6.79115986008679,20200205
0,Andy,11.7297419031798,3.04226516681573,20200205
0,Andy,11.0192346587535,5.69283489047967,20200205
0,Andy,14.0744630338063,5.5199982185434,20200205
0,Andy,15.3709452560933,3.99630408550621,20200205
0,Andy,15.4239479019574,5.6658395379616,20200205
0,Andy,12.8305326433443,3.94893114720818,20200205
0,Alex,13.5840087474786,4.89360459552629,20200205
0,Alex,11.0643688473171,4.00741725982388,20200205
0,Alex,8.77498128536038,3.22974867853036,20200205
0,Alex,13.2304253538752,4.23685819864234,20200205
0,Alex,10.1862707535543,4.49803160001888,20200205
0,Alex,11.8542952368388,4.90757316214676,20200205
0,Alex,14.1306153974505,4.95517560011796,20200205
0,Alex,12.6829090445386,4.21649929899356,20200205
0,Alex,13.3066749842736,3.20766053114358,20200205
0,Alex,13.0077088619649,4.14969325039462,20200205
0,Jeff,12.971912653522,2.21118542325863,20200205
0,Jeff,11.7314179118572,1.88428790832511,20200205
0,Jeff,14.0022109332275,3.41518290139284,20200205
0,Jeff,11.5653313760201,2.65417197928743,20200205
0,Jeff,13.3662078551635,2.78037631309555,20200205
0,Jeff,12.9167917171776,2.6136900336905,20200205
0,Jeff,11.843217933561,3.3750259233787,20200205
0,Jeff,13.7692266367445,2.47317121768804,20200205
0,Jeff,12.6842773917294,1.90688270665718,20200205
0,Jeff,11.6635964458518,2.99072092028822,20200205
2,Yandong,17.5338185108118,8.07576239760379,20200205
2,Yandong,16.3832241705864,6.78885542768056,20200205
2,Yandong,17.0352097993962,7.93581063147867,20200205
2,Yandong,15.4821859854847,7.25244178269632,20200205
2,Yandong,9.90714322341965,5.08497128165643,20200205
2,Yandong,14.4860034676793,5.54841588589912,20200205
2,Yandong,18.1646013489006,6.60439660909402,20200205
2,Yandong,14.7221002668765,7.57550633834072,20200205
2,Yandong,15.067477619964,3.39727891362856,20200205
2,Yandong,19.4597848243777,3.93801161795887,20200205
2,Ben,17.8747934048378,8.68030913718621,20200205
2,Ben,15.9954719701769,7.80065216461846,20200205
2,Ben,15.0753187778795,7.90500699175093,20200205
2,Ben,16.0001473420891,8.62113721409093,20200205
2,Ben,19.8135382916172,10.6361678957519,20200205
2,Ben,16.4959050399409,8.12595969303903,20200205
2,Ben,17.2529849799448,7.97425257931228,20200205
2,Ben,15.1941654304767,6.4825687438315,20200205
2,Ben,18.7667784689992,9.92407709400483,20200205
2,Ben,17.2288981049132,7.69955875720311,20200205
2,Irma,19.2207398873479,11.10982400176,20200205
2,Irma,17.0607245357409,10.0537333475498,20200205
2,Irma,18.4554098422897,9.69635985092988,20200205
2,Irma,18.3767244551638,11.8417711950667,20200205
2,Irma,18.1929153110779,7.80513063032791,20200205
2,Irma,17.083860460134,10.2118283443513,20200205
2,Irma,18.6938287152538,9.023732986596,20200205
2,Irma,18.8504053198912,9.42772415345041,20200205
2,Irma,16.4683809498825,4.69020459368512,20200205
2,Irma,20.1031948378012,8.59534424259165,20200205
2,Andy,17.5853828784053,10.5073086203936,20200205
2,Andy,15.4908106692272,9.09115115737969,20200205
2,Andy,18.512539508027,7.34611127933528,20200205
2,Andy,16.0931784944107,6.66339045265386,20200205
2,Andy,17.2321652426776,8.35212582824612,20200205
2,Andy,20.7734852001695,10.0860608528507,20200205
2,Andy,14.091202201954,5.78478998644462,20200205
2,Andy,15.7531494351815,10.0397673940219,20200205
2,Andy,18.3998116284512,6.99245891828832,20200205
2,Alex,14.9938537913686,4.75778039401954,20200205
2,Alex,14.6535094103608,5.37922585862566,20200205
2,Alex,17.108250327072,5.12797507506574,20200205
2,Alex,16.6081082146521,4.16238861446569,20200205
2,Alex,12.0695329984398,3.56191594963043,20200205
2,Alex,14.9658953698977,4.39275457956154,20200205
2,Alex,14.9576725060037,5.0484227130448,20200205
2,Alex,15.249545600797,5.10233142823156,20200205
2,Alex,12.7893463512096,3.74371812977177,20200205
2,Alex,14.4373315319216,4.12170680037311,20200205
2,Jeff,15.960124884829,4.43159097973782,20200205
2,Jeff,15.7228782845996,4.92843334516968,20200205
2,Jeff,13.7412731740531,4.89440065689098,20200205
2,Jeff,14.2791453208167,3.33148287352467,20200205
2,Jeff,14.4891601172986,4.90691335675744,20200205
2,Jeff,15.562050184421,3.96879938280109,20200205
2,Jeff,13.2643765734338,4.44249159823531,20200205
2,Jeff,13.3105093963536,4.92046650497172,20200205
2,Jeff,15.1303445158977,4.31110735762299,20200205
2,Jeff,15.9754096399051,2.43837524115452,20200205
1,Yandong,11.0119731232959,5.68718254450135,20200206
1,Yandong,13.6464877591948,3.33250877449804,20200206
1,Yandong,14.6915588094872,2.75563105575348,20200206
1,Yandong,17.2008910830272,4.12766392061691,20200206
1,Yandong,14.3693408160286,4.12999173876066,20200206
1,Yandong,15.5394392035616,1.57594117938588,20200206
1,Yandong,14.1739990567244,4.39513580693917,20200206
1,Yandong,12.6528653522361,4.05861876907701,20200206
1,Yandong,16.2808892989419,3.72831040348813,20200206
1,Yandong,15.6999094132284,2.6535363397774,20200206
1,Ben,17.0462630476139,5.32138042885906,20200206
1,Ben,15.9499356560859,2.47663894608998,20200206
1,Ben,13.0771497302446,5.45199783855234,20200206
1,Ben,14.8719804778752,3.11108254160404,20200206
1,Ben,16.2795872943548,2.83261050121194,20200206
1,Ben,17.2571405251974,4.07516140174945,20200206
1,Ben,17.0418863672566,3.2814365548693,20200206
1,Ben,18.3288742031422,4.77805870588648,20200206
1,Ben,17.93209879851,3.30972703646496,20200206
1,Ben,17.9549754450264,5.19727867808344,20200206
1,Irma,18.0790825103255,4.36423295757715,20200206
1,Irma,17.2959074741775,5.401534369961,20200206
1,Irma,19.0277267977978,4.84860090476259,20200206
1,Irma,15.3305905679797,2.44445480260026,20200206
1,Irma,16.4905915853562,3.0001996605882,20200206
1,Irma,17.4466106485337,5.12929445680313,20200206
1,Irma,16.3161650260816,3.90920092564483,20200206
1,Irma,17.1088785690873,5.54529924907096,20200206
1,Irma,18.1441826040294,4.60670720790027,20200206
1,Irma,12.8496964546664,3.03163707104064,20200206
1,Emma,14.4737610790612,4.0435981608588,20200206
1,Emma,17.4929785651511,3.77950892483916,20200206
1,Emma,16.3224794213579,3.40461123199007,20200206
1,Emma,16.8983325729126,3.34062870342639,20200206
1,Emma,16.2804516588666,4.7015371737634,20200206
1,Emma,16.0842223982282,4.09199414592408,20200206
1,Emma,15.8303356900797,4.273030562365,20200206
1,Emma,16.1215035666954,3.52631555307137,20200206
1,Emma,12.5860722191634,3.93156984500981,20200206
1,Emma,16.1994959081476,3.39553395184207,20200206
1,Alex,14.2644074033519,4.71545537607358,20200206
1,Alex,14.8799388404264,2.96748354411655,20200206
1,Alex,13.680355589053,2.75346717518621,20200206
1,Alex,12.646923858323,4.04809864913795,20200206
1,Alex,14.0983484771079,3.37155341834147,20200206
1,Alex,14.0738935880263,2.56971514785531,20200206
1,Alex,15.9053435507314,3.09687115617455,20200206
1,Alex,14.0616971653389,2.59339133060155,20200206
1,Alex,13.420796732013,2.61771037457212,20200206
1,Jeff,12.0142891931991,2.82088235545061,20200206
1,Jeff,13.5104743203224,2.37199811970964,20200206
1,Jeff,15.1739957179771,2.37108812969736,20200206
1,Jeff,12.8073586422793,3.34092694120057,20200206
1,Jeff,15.4957255017712,3.52020881446885,20200206
1,Jeff,17.7857637334704,3.48195488490393,20200206
1,Jeff,14.3414168273396,1.92825891022156,20200206
1,Jeff,15.7257390289878,2.32886310771152,20200206
1,Jeff,14.8502313682322,2.37481941529475,20200206
1,Jeff,16.8444890691082,2.04539103076146,20200206
0,Yandong,11.4213190295382,3.7026121876236,20200206
0,Yandong,13.998544720036,4.65116486649305,20200206
0,Yandong,14.6583292952964,3.86758334656723,20200206
0,Yandong,13.0561413173392,1.97406752089274,20200206
0,Yandong,11.2910264067612,5.66057001453467,20200206
0,Yandong,13.8545891360951,3.76427711880046,20200206
0,Yandong,11.1368775316526,1.80757264707442,20200206
0,Yandong,12.8147879381504,4.68484264747107,20200206
0,Yandong,11.321868901703,2.48304635313962,20200206
0,Yandong,4.86725608257327,2.33888410071055,20200206
0,Ben,14.3160996340807,1.63107775513352,20200206
0,Ben,15.1274674630339,2.21391131161654,20200206
0,Ben,13.2285167729146,3.12532626883432,20200206
0,Ben,13.7552658328553,1.0809626059822,20200206
0,Ben,16.0451503327308,2.08026057960922,20200206
0,Ben,16.0391456214669,3.10560799030203,20200206
0,Ben,13.7649068522379,3.87191577977416,20200206
0,Ben,16.2802474059772,3.9561193232843,20200206
0,Ben,14.2561635467029,5.03183015919469,20200206
0,Ben,13.4102875445603,4.27343792880572,20200206
0,Irma,16.6600930943145,4.33021075260049,20200206
0,Irma,15.5701449792483,5.11584967750452,20200206
0,Irma,17.6441297076788,5.73033709996799,20200206
0,Irma,14.7287873576246,2.51870906788275,20200206
0,Irma,14.2727630499634,5.29641090966814,20200206
0,Irma,16.4947103214187,6.58216837846743,20200206
0,Irma,14.9921076269414,5.55269359575755,20200206
0,Irma,12.4313673348487,3.61866525250814,20200206
0,Irma,15.3604094620842,5.31610354182747,20200206
0,Irma,14.6431055671436,4.11806338889195,20200206
0,Emma,14.502564548232,1.78907313661957,20200206
0,Emma,14.5663604428253,2.63137555724686,20200206
0,Emma,14.5507364117078,3.27284950520536,20200206
0,Emma,14.1763879164356,3.90285772267062,20200206
0,Emma,15.5421680242353,3.90743787562413,20200206
0,Emma,11.8302719262229,2.11664391728064,20200206
0,Emma,15.2884441030929,2.24547113286263,20200206
0,Emma,14.2733794042174,3.55993116863647,20200206
0,Emma,16.6750570974313,5.43954617338169,20200206
0,Emma,15.4194229222812,3.96000889063381,20200206
0,Alex,12.553341313287,2.6232575445744,20200206
0,Alex,12.9032769829341,3.292584093583,20200206
0,Alex,11.4524656909931,2.51999490724024,20200206
0,Alex,11.4395392923661,2.71232928602287,20200206
0,Alex,13.101325642703,3.45840561847065,20200206
0,Alex,11.1973406916048,1.77865159020142,20200206
0,Alex,14.222788495871,3.0455183710994,20200206
0,Alex,13.2418996856972,2.40639979814201,20200206
0,Alex,12.4956553947594,3.44202551298747,20200206
0,Alex,12.5521340439728,2.96454348631259,20200206
0,Jeff,13.3486733305025,2.38290405293694,20200206
0,Jeff,11.343010984054,2.86498467045948,20200206
0,Jeff,12.4860292651955,2.17769400267435,20200206
0,Jeff,14.7900683368204,2.37034680534987,20200206
0,Jeff,12.6483352397331,2.53321625454962,20200206
0,Jeff,13.4149189580641,2.20526463507404,20200206
0,Jeff,13.045198361111,2.30758518239072,20200206
0,Jeff,11.8983556751979,2.54344268373424,20200206
0,Jeff,11.2695708081068,2.69319328729354,20200206
0,Jeff,11.4568113205437,1.84112159403089,20200206
2,Yandong,16.7239593719472,5.07121173139964,20200206
2,Yandong,17.5207202738567,9.44539027129213,20200206
2,Yandong,16.9840332872479,6.06540834753861,20200206
2,Yandong,16.6489717103805,8.08825411984962,20200206
2,Yandong,17.0031820491522,5.51429718847382,20200206
2,Yandong,14.3797902021984,8.43125896984031,20200206
2,Yandong,17.6479499342184,6.34109022218525,20200206
2,Yandong,16.1152004226224,4.27196857214808,20200206
2,Yandong,17.4727128146632,5.81887134730707,20200206
2,Yandong,16.0152290195003,3.55395271944887,20200206
2,Ben,15.0505117978332,1.67355145625195,20200206
2,Ben,17.8543807644851,2.09258928585276,20200206
2,Ben,18.2049799459165,4.56541337665808,20200206
2,Ben,21.2027404275673,10.9852158199158,20200206
2,Ben,17.3143812772036,4.86012964520051,20200206
2,Ben,15.1099793864015,3.33289821843904,20200206
2,Ben,14.0960360737975,4.8736638487617,20200206
2,Ben,18.3780801606013,2.63813578854015,20200206
2,Ben,14.6229548121826,2.92231232006211,20200206
2,Ben,14.9889692299389,4.05801760077521,20200206
2,Irma,19.7767115253778,6.83975591154486,20200206
2,Irma,18.8267347069846,6.60993525927213,20200206
2,Irma,21.3201247121099,6.96453011142131,20200206
2,Irma,18.8433228663081,8.7250733283093,20200206
2,Irma,19.1705573047615,9.46506715596284,20200206
2,Irma,18.6416822171151,11.0306617486311,20200206
2,Irma,16.1737893157506,7.98846824962355,20200206
2,Irma,18.5383388005406,8.91007920921972,20200206
2,Irma,18.8459280177832,7.53519572853304,20200206
2,Irma,19.970012801673,7.03106291818625,20200206
2,Emma,18.8078192230356,6.47987041630174,20200206
2,Emma,15.8693692445665,7.99491824544057,20200206
2,Emma,16.2382837470576,8.06216356041485,20200206
2,Emma,6.89816489014739,4.57147037503066,20200206
2,Emma,18.1117862039218,7.74086128329922,20200206
2,Emma,19.8862504225955,11.0508082433579,20200206
2,Emma,19.3599073826599,9.57857599526043,20200206
2,Emma,19.4851596029163,9.31352334469087,20200206
2,Emma,16.6575212449824,11.5533120736335,20200206
2,Emma,16.6397919863612,7.50006106495654,20200206
2,Alex,13.9540763839628,4.16504505284316,20200206
2,Alex,16.6472799739186,3.72231273169209,20200206
2,Alex,15.010701697147,4.14641245290988,20200206
2,Alex,17.5935091509548,4.80964824042037,20200206
2,Alex,14.9645003523665,4.7960320052284,20200206
2,Alex,15.5180780294897,4.83723544790963,20200206
2,Alex,14.6952586093907,4.11482508494032,20200206
2,Alex,14.5919923812897,4.80593608143766,20200206
2,Alex,15.8069471402449,4.94736042706488,20200206
2,Alex,13.4585801386298,4.85948753322352,20200206
2,Jeff,15.3729563380662,4.09076390939186,20200206
2,Jeff,14.748088391023,4.96171934975595,20200206
2,Jeff,16.8453640464239,3.91658971238933,20200206
2,Jeff,15.8028605069876,4.17916967717228,20200206
2,Jeff,15.5351128498045,5.01875625640186,20200206
2,Jeff,14.9257137667666,4.30277863316137,20200206
2,Jeff,17.5545258484268,2.97341313769034,20200206
2,Jeff,14.1366907937042,3.45443329886542,20200206
2,Jeff,14.0785719811622,4.34406178380396,20200206
2,Jeff,15.566423623085,3.75210815865778,20200206
1,Yandong,8.52005261969593,2.83718866448673,20200207
1,Yandong,12.0702919093518,4.16280889866753,20200207
1,Yandong,12.5295215648997,3.48886312616415,20200207
1,Yandong,14.3021892111227,2.66366236536174,20200207
1,Yandong,15.4528008980564,2.04484632082207,20200207
1,Yandong,7.61173920305744,2.25923716706596,20200207
1,Yandong,15.7119990874927,5.60846930856382,20200207
1,Yandong,14.0667104632118,3.35362609644958,20200207
1,Yandong,14.8223816869694,3.60581972086793,20200207
1,Yandong,13.9270122367861,4.66981454293612,20200207
1,Ben,14.5610314566518,2.27498700032756,20200207
1,Ben,16.4533756289141,4.12407836273688,20200207
1,Ben,17.1724601294678,3.17511190503599,20200207
1,Ben,18.2618981489427,3.18078630738054,20200207
1,Ben,14.6930068866554,3.23204497768744,20200207
1,Ben,17.9681027166292,5.03481240747693,20200207
1,Ben,13.1428821561159,5.11579759888078,20200207
1,Ben,16.6918995089861,4.12751663488773,20200207
1,Ben,15.0946187016043,3.63426633458595,20200207
1,Ben,17.2386765113326,4.6916122137052,20200207
1,Irma,18.365907735868,3.89616521557036,20200207
1,Irma,14.793978299412,2.44521207180465,20200207
1,Irma,18.2100298434802,3.65453857292614,20200207
1,Irma,14.2278501731582,3.47774996169281,20200207
1,Irma,15.2712200858489,3.2781351392422,20200207
1,Irma,14.150033897558,6.55931618361942,20200207
1,Irma,15.2125514083699,3.74907863746624,20200207
1,Irma,18.5629041310009,5.47692099847809,20200207
1,Irma,17.7412099904427,4.50006177954208,20200207
1,Irma,14.0329900204908,3.16323167785185,20200207
1,Emma,14.5095738301337,3.68683918627099,20200207
1,Emma,16.6924306344975,4.05051283658904,20200207
1,Emma,11.838195571758,2.8100820201586,20200207
1,Emma,14.2239138100036,2.50120371608294,20200207
1,Emma,9.93600549170824,2.12037411491354,20200207
1,Emma,13.6183702407424,3.6963570303924,20200207
1,Emma,15.2462403106116,3.35112669732898,20200207
1,Emma,15.3357000704005,4.13981641359047,20200207
1,Emma,14.5899702455129,1.9329950106743,20200207
1,Emma,15.5663419072251,3.3374810379516,20200207
1,Alex,15.0316334832205,2.40354458295842,20200207
1,Alex,12.8972572789786,2.3652477932612,20200207
1,Alex,14.1376296370469,3.23052084825408,20200207
1,Alex,12.0638189939777,2.53094316211096,20200207
1,Alex,13.0656338683656,2.90669500195535,20200207
1,Alex,10.0744403486837,1.99439439714184,20200207
1,Alex,12.9223780619456,2.34591164795341,20200207
1,Alex,13.2593797856195,1.84484482840345,20200207
1,Alex,8.4862227740885,1.52020416553064,20200207
1,Alex,11.8575768822962,2.25637963192708,20200207
1,Jeff,13.6394001228815,2.33342254815869,20200207
1,Jeff,12.0252264431289,2.05890828873815,20200207
1,Jeff,14.4972102694406,2.28771272034341,20200207
1,Jeff,13.6521568560672,2.97635725158,20200207
1,Jeff,13.858114733127,2.57297244244344,20200207
1,Jeff,15.3407239415448,2.77755741863509,20200207
1,Jeff,12.7911903285905,2.96671969422857,20200207
1,Jeff,14.7385886049331,3.22341919195224,20200207
1,Jeff,13.9904558301069,2.79430614613961,20200207
1,Jeff,14.347125818399,2.53311760319584,20200207
0,Yandong,15.8569516816114,4.55845456994367,20200207
0,Yandong,14.8189490589922,4.40229951935243,20200207
0,Yandong,14.945200781811,5.41403777177122,20200207
0,Yandong,13.9990476752744,4.4631131780146,20200207
0,Yandong,15.5380852236543,7.47858271869834,20200207
0,Yandong,13.0880816527242,7.03678061877774,20200207
0,Yandong,9.14910628907492,4.63609477034862,20200207
0,Yandong,14.0620847471681,2.92710196185689,20200207
0,Yandong,14.4786004350206,5.34052211884613,20200207
0,Yandong,14.5467199816467,8.4891661952394,20200207
0,Ben,16.1868216324351,4.05541320523588,20200207
0,Ben,16.2070972433646,3.85230204530748,20200207
0,Ben,15.1485913673913,3.07925505459554,20200207
0,Ben,15.7094847040418,4.68632403824324,20200207
0,Ben,17.0695019391103,4.88256626759716,20200207
0,Ben,15.9542704923029,3.84549673418215,20200207
0,Ben,15.4372407782464,5.64846151542047,20200207
0,Ben,15.7212895368937,6.26377573129004,20200207
0,Ben,14.6626421750414,3.950227009814,20200207
0,Ben,16.1583471022241,5.07453552500666,20200207
0,Irma,15.5933184338431,4.83249484875317,20200207
0,Irma,13.8846392412587,5.84777953794366,20200207
0,Irma,13.9983134825054,6.40507837030991,20200207
0,Irma,13.0092159719588,5.31780810889347,20200207
0,Irma,13.9735592317726,4.92479878412744,20200207
0,Irma,14.7570489865871,7.70993945290975,20200207
0,Irma,10.4650047313208,4.60065757680654,20200207
0,Irma,12.0740576674668,5.79001372706343,20200207
0,Irma,12.5995608294999,4.39293493010333,20200207
0,Irma,14.1365382144333,5.14686310963119,20200207
0,Emma,13.3139041450124,3.13924315525775,20200207
0,Emma,14.4181043414063,3.41980388721329,20200207
0,Emma,10.2084761996559,3.11281882149589,20200207
0,Emma,13.2678375083533,3.90945608457647,20200207
0,Emma,14.2246574729133,5.91989901723319,20200207
0,Emma,14.6091744888704,4.35062392326912,20200207
0,Emma,13.9844822590377,4.35486810714291,20200207
0,Emma,13.8680643913583,3.56163961709482,20200207
0,Emma,9.02295061567196,2.12970487258848,20200207
0,Emma,15.8413498793424,4.8987061041446,20200207
0,Alex,10.6954951204229,2.22442171193046,20200207
0,Alex,10.5075852476535,4.15084167043445,20200207
0,Alex,11.1665554320235,3.18380425196966,20200207
0,Alex,8.91889875109737,3.30531262879544,20200207
0,Alex,9.86489945997758,3.30593988433488,20200207
0,Alex,9.30351673872994,2.39480474513308,20200207
0,Alex,9.94486793348394,3.03437333007974,20200207
0,Alex,9.14470808050017,0.820535302701165,20200207
0,Alex,10.7485998349297,3.73043918192148,20200207
0,Alex,10.6763966090132,4.35691505073714,20200207
0,Jeff,10.829068760594,2.59899877713482,20200207
0,Jeff,11.0908060217574,3.01893746833945,20200207
0,Jeff,11.6946610914891,2.49274552313417,20200207
0,Jeff,9.94723425563456,2.36236763811324,20200207
0,Jeff,9.39685349713925,2.10597502000515,20200207
0,Jeff,10.3549509331413,2.84490734649581,20200207
0,Jeff,5.62402706722811,2.21454866599524,20200207
0,Jeff,11.4182575023418,2.55174456430662,20200207
0,Jeff,9.9216726926697,2.70999391564374,20200207
0,Jeff,9.79782250222702,3.10844927952041,20200207
2,Yandong,18.5462850614087,8.04735466248421,20200207
2,Yandong,18.3606547196576,7.71719219209701,20200207
2,Yandong,17.3739174385584,5.80589284044506,20200207
2,Yandong,17.8325912978146,10.2646705419785,20200207
2,Yandong,17.973384233218,11.1049551700235,20200207
2,Yandong,18.2664380505777,7.80725755228313,20200207
2,Yandong,16.4497830876268,14.2016047929224,20200207
2,Yandong,17.3729289078221,3.63253598378107,20200207
2,Yandong,17.6864840235893,7.197511319829,20200207
2,Yandong,15.8012045896069,2.73114587542382,20200207
2,Ben,18.878467049114,8.95002219031056,20200207
2,Ben,20.2680614672471,9.50523738554986,20200207
2,Ben,18.5199018374184,10.9047490917309,20200207
2,Ben,19.2132514248887,9.17711585644037,20200207
2,Ben,20.7271758789663,9.7222381683484,20200207
2,Ben,17.4980489383665,0.818838810225815,20200207
2,Ben,16.8734138184969,6.99079832885998,20200207
2,Ben,15.7036132923322,9.54754265373054,20200207
2,Ben,16.4168484000511,9.70948297432167,20200207
2,Ben,19.3385799776608,9.208432960144,20200207
2,Irma,17.576951766437,9.63414383868318,20200207
2,Irma,17.8576693958618,9.39115501977501,20200207
2,Irma,18.4105856362336,14.8983382882949,20200207
2,Irma,17.6798589606602,10.7296861114854,20200207
2,Irma,19.2814049373837,10.518520058301,20200207
2,Irma,17.2628689096846,10.5066982927364,20200207
2,Irma,17.4258629770678,11.4715055634219,20200207
2,Irma,16.2669276613311,10.9306752993363,20200207
2,Irma,15.6717411022195,6.58472661077627,20200207
2,Irma,17.6955070326273,8.73353690106919,20200207
2,Emma,10.1286078379498,12.3160814131743,20200207
2,Emma,17.0871486112096,9.63622511983085,20200207
2,Emma,16.7386094875609,8.69582807805495,20200207
2,Emma,17.2411126271321,9.1345824997037,20200207
2,Emma,16.2586204802573,11.0093338384415,20200207
2,Emma,19.4348897343416,9.25375979642536,20200207
2,Emma,18.8097104560026,12.7997558746193,20200207
2,Emma,18.3966435309384,10.1139219364257,20200207
2,Emma,16.3380423509627,7.59990460244379,20200207
2,Emma,16.3095789028943,10.3785071402042,20200207
2,Alex,11.7109714810541,2.36509339082165,20200207
2,Alex,14.681689505926,2.43807743895199,20200207
2,Alex,13.9569085064525,5.25354450152506,20200207
2,Alex,13.9337941237794,4.12721191190515,20200207
2,Alex,14.9604824509651,2.35716598407557,20200207
2,Alex,13.4599396481861,2.64730855257573,20200207
2,Alex,14.51002670543,5.51751745996066,20200207
2,Alex,13.4661633772863,6.62869014493414,20200207
2,Alex,9.79684948386509,4.73816486024145,20200207
2,Alex,13.4441672052446,4.06222044459574,20200207
2,Jeff,15.4145201224653,6.20454798711517,20200207
2,Jeff,12.5714543343111,4.21653086586913,20200207
2,Jeff,14.3202211682955,3.80408480483427,20200207
2,Jeff,12.6557730498913,4.57317741934551,20200207
2,Jeff,15.2305857624191,4.93327926832277,20200207
2,Jeff,14.3197746219769,4.98234378751273,20200207
2,Jeff,13.9603300474985,4.0836332408615,20200207
2,Jeff,14.9628453412841,4.54519709348085,20200207
2,Jeff,15.0835320457746,4.385319652586,20200207
2,Jeff,13.5681192550433,5.65553859633039,20200207
